Name,ATS,Slug,URL,AddedAt,Via
"AiFi","lever","aifi","","2026-09-02T15:14:59.314Z","seed"
"AKQA","greenhouse","akqa","","2026-09-02T15:14:59.314Z","seed"
"Alo Yoga","greenhouse","aloyoga","","2026-09-02T15:14:59.314Z","seed"
"Away","ashby","away","","2026-09-02T15:14:59.314Z","seed"
"Bellroy","greenhouse","bellroy","","2026-09-02T15:14:59.314Z","seed"
"Bloomon","lever","bloomon","","2026-09-02T15:14:59.314Z","seed"
"Blue Bottle Coffee","lever","bluebottlecoffee","","2026-09-02T15:14:59.314Z","seed"
"Bombas","greenhouse","bombas","","2026-09-02T15:14:59.314Z","seed"
"Brooklinen","ashby","brooklinen","","2026-09-02T15:14:59.314Z","seed"
"Bubble Skincare","greenhouse","bubbleskincare","","2026-09-02T15:14:59.314Z","seed"
"Buck Mason","lever","buckmason","","2026-09-02T15:14:59.314Z","seed"
"Business of Fashion","greenhouse","businessoffashion","","2026-09-02T15:14:59.314Z","seed"
"Butternut Box","greenhouse","butternutbox","","2026-09-02T15:14:59.314Z","seed"
"Cannondale","greenhouse","cannondale","","2026-09-02T15:14:59.314Z","seed"
"Casetify","greenhouse","casetify","","2026-09-02T15:14:59.314Z","seed"
"Chrome Industries","greenhouse","chromeindustries","","2026-09-02T15:14:59.314Z","seed"
"Convene","greenhouse","convene","","2026-09-02T15:14:59.314Z","seed"
"Cudoni","greenhouse","cudoni","","2026-09-02T15:14:59.314Z","seed"
"Cuyana","greenhouse","cuyana","","2026-09-02T15:14:59.314Z","seed"
"Design Bridge","greenhouse","designbridge","","2026-09-02T15:14:59.314Z","seed"
"Dollar Shave Club","greenhouse","dollarshaveclub","","2026-09-02T15:14:59.314Z","seed"
"e.l.f. Beauty","lever","elfbeauty","","2026-09-02T15:14:59.314Z","seed"
"Eight Sleep","ashby","eightsleep","","2026-09-02T15:14:59.314Z","seed"
"Emma Sleep","lever","emma-sleep","","2026-09-02T15:14:59.314Z","seed"
"Everlane","greenhouse","everlane","","2026-09-02T15:14:59.314Z","seed"
"Faherty Brand","greenhouse","fahertybrand","","2026-09-02T15:14:59.314Z","seed"
"Faire","greenhouse","faire","","2026-09-02T15:14:59.314Z","seed"
"Faraday Future","greenhouse","faradayfuture","","2026-09-02T15:14:59.314Z","seed"
"Farfetch","lever","farfetch","","2026-09-02T15:14:59.314Z","seed"
"Filson","greenhouse","filson","","2026-09-02T15:14:59.314Z","seed"
"Focal Systems","greenhouse","focalsystems","","2026-09-02T15:14:59.314Z","seed"
"Glossier","greenhouse","glossier","","2026-09-02T15:14:59.314Z","seed"
"GOAT Group","greenhouse","goatgroup","","2026-09-02T15:14:59.314Z","seed"
"Gymshark","greenhouse","gymshark","","2026-09-02T15:14:59.314Z","seed"
"Harry's","greenhouse","harrys","","2026-09-02T15:14:59.314Z","seed"
"HelloFresh","greenhouse","hellofresh","","2026-09-02T15:14:59.314Z","seed"
"Hims and Hers","ashby","hims-and-hers","","2026-09-02T15:14:59.314Z","seed"
"Hypebeast","lever","hypebeast","","2026-09-02T15:14:59.314Z","seed"
"IDEO","greenhouse","ideo","","2026-09-02T15:14:59.314Z","seed"
"Ilia","greenhouse","ilia","","2026-09-02T15:14:59.314Z","seed"
"Industrious","ashby","industrious","","2026-09-02T15:14:59.314Z","seed"
"Instrument","lever","instrument","","2026-09-02T15:14:59.314Z","seed"
"Interbrand","greenhouse","interbrand","","2026-09-02T15:14:59.314Z","seed"
"JD Sports","greenhouse","jdsports","","2026-09-02T15:14:59.314Z","seed"
"KIND Snacks","greenhouse","kindsnacks","","2026-09-02T15:14:59.314Z","seed"
"Knix","lever","knix","","2026-09-02T15:14:59.314Z","seed"
"Land Design Studio","greenhouse","landdesign","","2026-09-02T15:14:59.314Z","seed"
"Landor","greenhouse","landor","","2026-09-02T15:14:59.314Z","seed"
"Liquid Death","greenhouse","liquiddeath","","2026-09-02T15:14:59.314Z","seed"
"Lucid Motors","greenhouse","lucidmotors","","2026-09-02T15:14:59.314Z","seed"
"Made Thought","greenhouse","madethought","","2026-09-02T15:14:59.314Z","seed"
"Map Project Office","greenhouse","mapprojectoffice","","2026-09-02T15:14:59.314Z","seed"
"MetaLab","greenhouse","metalab","","2026-09-02T15:14:59.314Z","seed"
"Minted","lever","minted","","2026-09-02T15:14:59.314Z","seed"
"Molton Brown","greenhouse","moltonbrown","","2026-09-02T15:14:59.314Z","seed"
"Moonpig Group","lever","moonpig","","2026-09-02T15:14:59.314Z","seed"
"Mulberry","lever","mulberry","","2026-09-02T15:14:59.314Z","seed"
"Nanit","greenhouse","nanit","","2026-09-02T15:14:59.314Z","seed"
"Nutrafol","greenhouse","nutrafol","","2026-09-02T15:14:59.314Z","seed"
"Ogilvy","greenhouse","ogilvy","","2026-09-02T15:14:59.314Z","seed"
"Olipop","greenhouse","olipop","","2026-09-02T15:14:59.314Z","seed"
"On Running","greenhouse","onrunning","","2026-09-02T15:14:59.314Z","seed"
"Oura","greenhouse","oura","","2026-09-02T15:14:59.314Z","seed"
"Ovo Energy","greenhouse","ovoenergy","","2026-09-02T15:14:59.314Z","seed"
"Parachute Home","greenhouse","parachutehome","","2026-09-02T15:14:59.314Z","seed"
"Parsley Health","greenhouse","parsleyhealth","","2026-09-02T15:14:59.314Z","seed"
"Peloton","greenhouse","peloton","","2026-09-02T15:14:59.314Z","seed"
"Popsockets","lever","popsockets","","2026-09-02T15:14:59.314Z","seed"
"Quince","greenhouse","quince","","2026-09-02T15:14:59.314Z","seed"
"Quip","greenhouse","quip","","2026-09-02T15:14:59.314Z","seed"
"R/GA","greenhouse","rga","","2026-09-02T15:14:59.314Z","seed"
"Rebag","greenhouse","rebag","","2026-09-02T15:14:59.314Z","seed"
"Reformation","greenhouse","reformation","","2026-09-02T15:14:59.314Z","seed"
"Rent the Runway","greenhouse","renttherunway","","2026-09-02T15:14:59.314Z","seed"
"Rothys","ashby","rothys","","2026-09-02T15:14:59.314Z","seed"
"Ruggable","greenhouse","ruggable","","2026-09-02T15:14:59.314Z","seed"
"Saatva","greenhouse","saatva","","2026-09-02T15:14:59.314Z","seed"
"StockX","greenhouse","stockx","","2026-09-02T15:14:59.314Z","seed"
"Supergoop","greenhouse","supergoop","","2026-09-02T15:14:59.314Z","seed"
"Talkspace","greenhouse","talkspace","","2026-09-02T15:14:59.314Z","seed"
"Tatcha","greenhouse","tatcha","","2026-09-02T15:14:59.314Z","seed"
"Teague","greenhouse","teague","","2026-09-02T15:14:59.314Z","seed"
"Third Love","greenhouse","thirdlove","","2026-09-02T15:14:59.314Z","seed"
"Tonal","ashby","tonal","","2026-09-02T15:14:59.314Z","seed"
"Traeger Grills","greenhouse","traegergrills","","2026-09-02T15:14:59.314Z","seed"
"Vestiaire Collective","lever","vestiairecollective","","2026-09-02T15:14:59.314Z","seed"
"Vuori","greenhouse","vuori","","2026-09-02T15:14:59.314Z","seed"
"Whoop","ashby","whoop","","2026-09-02T15:14:59.314Z","seed"
"Zenni Optical","greenhouse","zennioptical","","2026-09-02T15:14:59.314Z","seed"
"Loaf","custom","","https://www.loaf.com/careers","2026-09-02T15:14:59.314Z","seed"
"Nike","custom","","https://careers.nike.com/","2026-09-02T16:13:41.262Z","careers-page"
"VF Corp","custom","","https://www.vfc.com/careers","2026-09-02T16:20:44.848Z","careers-page"
"Chanel","workday","","https://cc.wd3.myworkdayjobs.com/ChanelCareers","2026-09-02T16:22:55.164Z","manual"
"Jimmy Choo","workday","","https://capri.wd1.myworkdayjobs.com/JimmyChooCareers","2026-09-02T16:22:56.002Z","manual"
"Wolverine Worldwide","workday","","https://wwwinc.wd1.myworkdayjobs.com/WWW","2026-09-02T16:22:56.424Z","manual"
"Richemont","workday","","https://richemont.wd3.myworkdayjobs.com/broadbean_external","2026-09-02T16:23:48.338Z","manual"
